<keymap version="1" name="macOS copy" parent="Mac OS X 10.5+">
  <action id="$Copy">
    <keyboard-shortcut first-keystroke="meta c" />
    <keyboard-shortcut first-keystroke="f7" />
  </action>
  <action id="$Cut">
    <keyboard-shortcut first-keystroke="meta x" />
    <keyboard-shortcut first-keystroke="shift delete" />
    <keyboard-shortcut first-keystroke="shift f7" />
  </action>
  <action id="$Paste">
    <keyboard-shortcut first-keystroke="meta v" />
    <keyboard-shortcut first-keystroke="f8" />
  </action>
  <action id="$Undo">
    <keyboard-shortcut first-keystroke="meta z" />
    <keyboard-shortcut first-keystroke="ctrl z" />
  </action>
  <action id="Arrangement.Rule.Edit" />
  <action id="BookmarksView.Rename" />
  <action id="ChangesView.Rename" />
  <action id="Console.TableResult.EditValue">
    <keyboard-shortcut first-keystroke="enter" />
    <keyboard-shortcut first-keystroke="alt enter" />
  </action>
  <action id="CopyElement" />
  <action id="Documentation.ViewExternal" />
  <action id="EditSource">
    <keyboard-shortcut first-keystroke="meta down" />
  </action>
  <action id="EditSourceInNewWindow" />
  <action id="Editor Copy">
    <keyboard-shortcut first-keystroke="f7" />
  </action>
  <action id="Editor Cut">
    <keyboard-shortcut first-keystroke="shift f7" />
  </action>
  <action id="Editor Paste">
    <keyboard-shortcut first-keystroke="f8" />
  </action>
  <action id="Editor Undo">
    <keyboard-shortcut first-keystroke="ctrl z" />
  </action>
  <action id="EditorDeleteLine">
    <keyboard-shortcut first-keystroke="meta back_space" />
    <keyboard-shortcut first-keystroke="f1" />
  </action>
  <action id="EditorLineEnd">
    <keyboard-shortcut first-keystroke="meta right" />
    <keyboard-shortcut first-keystroke="ctrl e" />
  </action>
  <action id="EditorLineStart">
    <keyboard-shortcut first-keystroke="meta left" />
    <keyboard-shortcut first-keystroke="ctrl a" />
  </action>
  <action id="EditorRight">
    <keyboard-shortcut first-keystroke="right" />
    <keyboard-shortcut first-keystroke="ctrl f" />
    <keyboard-shortcut first-keystroke="numpad0" />
  </action>
  <action id="EditorStartNewLine">
    <keyboard-shortcut first-keystroke="shift enter" />
    <keyboard-shortcut first-keystroke="f2" />
  </action>
  <action id="EditorTextEnd">
    <keyboard-shortcut first-keystroke="meta end" />
    <keyboard-shortcut first-keystroke="end" />
  </action>
  <action id="EditorTextStart">
    <keyboard-shortcut first-keystroke="meta home" />
    <keyboard-shortcut first-keystroke="home" />
  </action>
  <action id="EditorToggleInsertState">
    <keyboard-shortcut first-keystroke="shift f5" />
  </action>
  <action id="EditorUp">
    <keyboard-shortcut first-keystroke="up" />
    <keyboard-shortcut first-keystroke="ctrl p" />
    <keyboard-shortcut first-keystroke="numpad1" />
  </action>
  <action id="Exit">
    <keyboard-shortcut first-keystroke="meta q" />
    <keyboard-shortcut first-keystroke="shift f9" />
  </action>
  <action id="ExternalJavaDoc" />
  <action id="ExternalSystem.OpenConfig">
    <keyboard-shortcut first-keystroke="meta down" />
  </action>
  <action id="Find">
    <keyboard-shortcut first-keystroke="meta f" />
    <keyboard-shortcut first-keystroke="shift f1" />
    <keyboard-shortcut first-keystroke="shift f2" />
  </action>
  <action id="FindInPath">
    <keyboard-shortcut first-keystroke="shift meta f" />
    <keyboard-shortcut first-keystroke="f12" />
  </action>
  <action id="FindNext">
    <keyboard-shortcut first-keystroke="meta g" />
    <keyboard-shortcut first-keystroke="shift f4" />
  </action>
  <action id="FindPrevious">
    <keyboard-shortcut first-keystroke="shift meta g" />
    <keyboard-shortcut first-keystroke="shift f3" />
  </action>
  <action id="Git.Rename.Local.Branch" />
  <action id="Git.Reword.Commit" />
  <action id="GotoLine">
    <keyboard-shortcut first-keystroke="meta l" />
    <keyboard-shortcut first-keystroke="shift f6" />
  </action>
  <action id="GotoNextError" />
  <action id="GotoPreviousError" />
  <action id="Graph.ApplyCurrentLayout" />
  <action id="Graph.RouteEdges" />
  <action id="Jdbc.OpenEditor.Data">
    <keyboard-shortcut first-keystroke="meta down" />
  </action>
  <action id="JumpToLastWindow" />
  <action id="Move" />
  <action id="NavBar-navigate">
    <keyboard-shortcut first-keystroke="meta down" />
  </action>
  <action id="NavBar-selectHome">
    <keyboard-shortcut first-keystroke="meta left" />
    <keyboard-shortcut first-keystroke="ctrl a" />
  </action>
  <action id="NextDiff" />
  <action id="NextTab">
    <keyboard-shortcut first-keystroke="ctrl right" />
    <keyboard-shortcut first-keystroke="f11" />
  </action>
  <action id="PlaybackLastMacro">
    <keyboard-shortcut first-keystroke="f5" />
  </action>
  <action id="PreviousDiff" />
  <action id="ProjectViewEditSource">
    <keyboard-shortcut first-keystroke="meta down" />
  </action>
  <action id="QuickJavaDoc">
    <keyboard-shortcut first-keystroke="ctrl j" />
    <mouse-shortcut keystroke="control button2" />
  </action>
  <action id="ReformatCode">
    <keyboard-shortcut first-keystroke="meta alt l" />
    <keyboard-shortcut first-keystroke="f10" />
  </action>
  <action id="RemoteHostView.EditSource">
    <keyboard-shortcut first-keystroke="meta down" />
  </action>
  <action id="RenameElement" />
  <action id="Replace">
    <keyboard-shortcut first-keystroke="meta r" />
    <keyboard-shortcut first-keystroke="shift f10" />
  </action>
  <action id="Resume">
    <keyboard-shortcut first-keystroke="meta alt r" />
    <keyboard-shortcut first-keystroke="ctrl f1" />
  </action>
  <action id="RunDashboard.EditConfiguration" />
  <action id="SaveDocument">
    <keyboard-shortcut first-keystroke="f9" />
  </action>
  <action id="ShelvedChanges.Rename" />
  <action id="SmartStepInto" />
  <action id="Sql.EditParameter">
    <keyboard-shortcut first-keystroke="meta down" />
  </action>
  <action id="StartStopMacroRecording">
    <keyboard-shortcut first-keystroke="f3" />
    <keyboard-shortcut first-keystroke="f4" />
  </action>
  <action id="StepInto">
    <keyboard-shortcut first-keystroke="ctrl f3" />
  </action>
  <action id="StepOut">
    <keyboard-shortcut first-keystroke="shift f8" />
    <keyboard-shortcut first-keystroke="ctrl f4" />
  </action>
  <action id="StepOver">
    <keyboard-shortcut first-keystroke="ctrl f2" />
  </action>
  <action id="SwitcherPreviousProblem" />
  <action id="Table-startEditing" />
  <action id="ToggleBookmark" />
  <action id="Tree-startEditing" />
  <action id="Vcs.Log.ShowTooltip">
    <keyboard-shortcut first-keystroke="ctrl j" />
    <mouse-shortcut keystroke="control button2" />
  </action>
  <action id="XDebugger.JumpToTypeSource" />
  <action id="XDebugger.SetValue" />
</keymap>