<toolSet name="External Tools">
  <tool name="OpenServer" description="Open the Server " showInMainMenu="false" showInEditor="false" showInProject="false" showInSearchPopup="false" disabled="false" useConsole="false" showConsoleOnStdOut="false" showConsoleOnStdErr="false" synchronizeAfterRun="false">
    <exec>
      <option name="COMMAND" value="bin/start_server.sh" />
      <option name="PARAMETERS" />
      <option name="WORKING_DIRECTORY" value="$USER_HOME$/src/paul-carrick-website" />
    </exec>
  </tool>
  <tool name="Clear Development Logs" description="Clear Development Logs" showInMainMenu="false" showInEditor="false" showInProject="false" showInSearchPopup="false" disabled="false" useConsole="true" showConsoleOnStdOut="false" showConsoleOnStdErr="false" synchronizeAfterRun="true">
    <exec>
      <option name="COMMAND" value="$USER_HOME$/src/paul-carrick-website/bin/clear_logs.sh" />
      <option name="PARAMETERS" />
      <option name="WORKING_DIRECTORY" value="$USER_HOME$/src/paul-carrick-website" />
    </exec>
  </tool>
</toolSet>