<toolSet name="External Tools">
  <tool name="OpenServer" description="Open the Server " showInMainMenu="false" showInEditor="false" showInProject="false" showInSearchPopup="false" disabled="false" useConsole="false" showConsoleOnStdOut="false" showConsoleOnStdErr="false" synchronizeAfterRun="false">
    <exec>
      <option name="COMMAND" value="bin/start_server.sh" />
      <option name="PARAMETERS" />
      <option name="WORKING_DIRECTORY" value="$USER_HOME$/src/paul-carrick-website" />
    </exec>
  </tool>
  <tool name="Clear Development Logs" description="Clear Development Logs" showInMainMenu="false" showInEditor="false" showInProject="false" showInSearchPopup="false" disabled="false" useConsole="true" showConsoleOnStdOut="false" showConsoleOnStdErr="false" synchronizeAfterRun="true">
    <exec>
      <option name="COMMAND" value="$USER_HOME$/src/paul-carrick-website/bin/clear_logs.sh" />
      <option name="PARAMETERS" />
      <option name="WORKING_DIRECTORY" value="$USER_HOME$/src/paul-carrick-website" />
    </exec>
  </tool>
  <tool name="Open Chat GPT" description="Open Chat GPT" showInMainMenu="false" showInEditor="false" showInProject="false" showInSearchPopup="false" disabled="false" useConsole="true" showConsoleOnStdOut="false" showConsoleOnStdErr="false" synchronizeAfterRun="true">
    <exec>
      <option name="COMMAND" value="open" />
      <option name="PARAMETERS" value="https://chat.openai.com" />
      <option name="WORKING_DIRECTORY" value="$ProjectFileDir$" />
    </exec>
  </tool>
  <tool name="Open localhost" description="Open localhost" showInMainMenu="false" showInEditor="false" showInProject="false" showInSearchPopup="false" disabled="false" useConsole="true" showConsoleOnStdOut="false" showConsoleOnStdErr="false" synchronizeAfterRun="true">
    <exec>
      <option name="COMMAND" value="open" />
      <option name="PARAMETERS" value="http://localhost:3000" />
      <option name="WORKING_DIRECTORY" value="$ProjectFileDir$" />
    </exec>
  </tool>
  <tool name="Open Paul-Carrick.com" description="Open Paul-Carrick.com" showInMainMenu="false" showInEditor="false" showInProject="false" showInSearchPopup="false" disabled="false" useConsole="true" showConsoleOnStdOut="false" showConsoleOnStdErr="false" synchronizeAfterRun="true">
    <exec>
      <option name="COMMAND" value="open" />
      <option name="PARAMETERS" value="https://paul-carrick.com" />
      <option name="WORKING_DIRECTORY" value="$ProjectFileDir$" />
    </exec>
  </tool>
  <tool name="Run Local Server" description="Run Local Server" showInMainMenu="false" showInEditor="false" showInProject="false" showInSearchPopup="false" disabled="false" useConsole="true" showConsoleOnStdOut="false" showConsoleOnStdErr="false" synchronizeAfterRun="true">
    <exec>
      <option name="COMMAND" value="zsh" />
      <option name="PARAMETERS" value="-c &quot;rails s&quot;" />
      <option name="WORKING_DIRECTORY" value="$ProjectFileDir$" />
    </exec>
  </tool>
  <tool name="Open bin/dev" description="Open bin/dev" showInMainMenu="false" showInEditor="false" showInProject="false" showInSearchPopup="false" disabled="false" useConsole="true" showConsoleOnStdOut="false" showConsoleOnStdErr="false" synchronizeAfterRun="true">
    <exec>
      <option name="COMMAND" value="bin/dev" />
      <option name="PARAMETERS" />
      <option name="WORKING_DIRECTORY" value="$ProjectFileDir$" />
    </exec>
  </tool>
  <tool name="Open or Switch to Chrome" description="Open or Switch to Chrome" showInMainMenu="false" showInEditor="false" showInProject="false" showInSearchPopup="false" disabled="false" useConsole="true" showConsoleOnStdOut="false" showConsoleOnStdErr="false" synchronizeAfterRun="true">
    <exec>
      <option name="COMMAND" value="/usr/bin/osascript" />
      <option name="PARAMETERS" value="-e &quot;tell application \&quot;Google Chrome\&quot; to activate&quot;" />
      <option name="WORKING_DIRECTORY" value="$ProjectFileDir$" />
    </exec>
  </tool>
</toolSet>