<application>
  <component name="AdvancedSettings">
    <option name="settings">
      <map>
        <entry key="bigger.font.in.project.view" value="true" />
        <entry key="debugger.max.recent.expressions" value="100" />
        <entry key="ide.macos.disable.native.shortcut.symbols" value="true" />
        <entry key="ide.max.recent.projects" value="100" />
        <entry key="ide.open.readme.md.on.startup" value="false" />
        <entry key="ide.show.fileType.icon.in.titleBar" value="true" />
        <entry key="ide.ui.native.file.chooser" value="true" />
        <entry key="localHistory.daysToKeep" value="365" />
      </map>
    </option>
  </component>
</application>