<application>
  <component name="com.intellij.ide.ui.customization.CustomActionsSchema">
    <group value="ShowJsbtTasks" is_group="true" forse_popup="false" action_type="-1" position="30">
      <path value="root" />
      <path value="Editor Popup Menu" />
    </group>
    <group value="Github.Create.Gist" is_action="true" action_type="-1" position="29">
      <path value="root" />
      <path value="Editor Popup Menu" />
    </group>
    <group value="Jdbc.OpenEditor.Grid.DDL" is_action="true" action_type="-1" position="12">
      <path value="root" />
      <path value="Editor Popup Menu" />
      <path value="Editor Popup Menu Actions (1)" />
      <path value="EditorPopupMenu1.FindRefactor" />
      <path value="Go To" />
    </group>
    <group value="Markdown.EditorContextMenuGroup" is_group="true" forse_popup="false" action_type="-1" position="9">
      <path value="root" />
      <path value="Editor Popup Menu" />
    </group>
    <group value="EditorToggleColumnMode" is_action="true" action_type="-1" position="8">
      <path value="root" />
      <path value="Editor Popup Menu" />
    </group>
    <group value="Copy.Paste.Special" is_group="true" forse_popup="false" action_type="-1" position="6">
      <path value="root" />
      <path value="Editor Popup Menu" />
    </group>
    <group value="CopyAsRichText" is_action="true" action_type="-1" position="4">
      <path value="root" />
      <path value="Editor Popup Menu" />
    </group>
    <group value="sql.SelectInDatabaseView" is_action="true" action_type="-1" position="4">
      <path value="root" />
      <path value="Editor Popup Menu" />
      <path value="Editor Popup Menu Actions (1)" />
      <path value="EditorPopupMenu1.FindRefactor" />
      <path value="Go To" />
    </group>
    <group value="FoldingGroup" is_group="true" forse_popup="false" action_type="-1" position="3">
      <path value="root" />
      <path value="Editor Popup Menu" />
      <path value="Editor Popup Menu Actions (1)" />
      <path value="EditorPopupMenu1.FindRefactor" />
    </group>
    <group value="Jdbc.OpenEditor.Data" is_action="true" action_type="-1" position="3">
      <path value="root" />
      <path value="Editor Popup Menu" />
      <path value="Editor Popup Menu Actions (1)" />
      <path value="EditorPopupMenu1.FindRefactor" />
      <path value="Go To" />
    </group>
    <group seperator="true" action_type="-1" position="2">
      <path value="root" />
      <path value="Editor Popup Menu" />
      <path value="Editor Popup Menu Actions (1)" />
      <path value="EditorPopupMenu1.FindRefactor" />
    </group>
    <group value="GotoDeclaration" is_action="true" action_type="-1" position="2">
      <path value="root" />
      <path value="Editor Popup Menu" />
      <path value="Editor Popup Menu Actions (1)" />
      <path value="EditorPopupMenu1.FindRefactor" />
      <path value="Go To" />
    </group>
    <group value="GotoDeclaration" is_action="true" action_type="1" position="0">
      <path value="root" />
      <path value="Editor Popup Menu" />
      <path value="Editor Popup Menu Actions (1)" />
      <path value="EditorPopupMenu1.FindRefactor" />
      <path value="Go To" />
    </group>
    <group value="Find" is_action="true" action_type="1" position="5">
      <path value="root" />
      <path value="Editor Popup Menu" />
    </group>
    <group seperator="true" action_type="1" position="7">
      <path value="root" />
      <path value="Editor Popup Menu" />
    </group>
    <group value="TerminalNewPredefinedSession" is_action="true" action_type="1" position="8">
      <path value="root" />
      <path value="Editor Popup Menu" />
    </group>
    <group value="com.jetbrains.plugins.remotesdk.console.RunSshConsoleAction" is_action="true" action_type="1" position="9">
      <path value="root" />
      <path value="Editor Popup Menu" />
    </group>
    <group value="Tool_External Tools_Open Chat GPT" is_action="true" action_type="1" position="10">
      <path value="root" />
      <path value="Editor Popup Menu" />
    </group>
    <group value="Tool_External Tools_Open or Switch to Chrome" is_action="true" action_type="1" position="11">
      <path value="root" />
      <path value="Editor Popup Menu" />
    </group>
    <group value="Tool_External Tools_Clear Development Logs" is_action="true" action_type="1" position="12">
      <path value="root" />
      <path value="Editor Popup Menu" />
    </group>
    <group value="Tool_External Tools_Run Local Server" is_action="true" action_type="1" position="13">
      <path value="root" />
      <path value="Editor Popup Menu" />
    </group>
    <group value="Tool_External Tools_Open bin/dev" is_action="true" action_type="1" position="14">
      <path value="root" />
      <path value="Editor Popup Menu" />
    </group>
    <group value="CheckinProject" is_action="true" action_type="1" position="15">
      <path value="root" />
      <path value="Editor Popup Menu" />
    </group>
    <group seperator="true" action_type="1" position="18">
      <path value="root" />
      <path value="Editor Popup Menu" />
    </group>
  </component>
</application>