<application>
  <component name="FileTypeManager" version="19">
    <extensionMap>
      <mapping pattern=".pryrc" type=".env file" />
      <mapping pattern="admin_controller.rb" type="AUTO_DETECTED" />
      <mapping pattern="env" type="AUTO_DETECTED" />
      <mapping ext="dump" type="AUTO_DETECTED" />
      <mapping pattern=".env-db" type="PLAIN_TEXT" />
      <mapping ext="key" type="PLAIN_TEXT" />
      <mapping ext="bundle" type="PLAIN_TEXT" />
      <mapping ext="crt" type="PLAIN_TEXT" />
      <mapping ext="bak" type="SQL" />
      <mapping pattern=".env" type="Shell Script" />
      <removed_mapping ext="bash" approved="true" type="Shell Script" />
      <removed_mapping ext="config" approved="true" type="Ruby" />
      <removed_mapping ext="dockerignore" approved="true" type="DockerIgnore file" />
      <removed_mapping ext="ignore" approved="true" type="IgnoreLang file" />
      <removed_mapping ext="sh" approved="true" type="Shell Script" />
      <removed_mapping ext="zsh" approved="true" type="Shell Script" />
      <removed_mapping pattern=".env" approved="true" type=".env file" />
    </extensionMap>
  </component>
</application>