<application>
  <component name="FindSettings">
    <option name="caseSensitive" value="true" />
    <option name="customScope" value="All Places" />
    <option name="defaultScopeName" value="All Places" />
    <option name="showResultsInSeparateView" value="true" />
    <option name="wholeWordsOnly" value="true" />
    <option name="CASE_SENSITIVE_SEARCH" value="true" />
    <option name="WHOLE_WORDS_ONLY" value="true" />
    <option name="SHOW_RESULTS_IN_SEPARATE_VIEW" value="true" />
    <option name="SEARCH_SCOPE" value="All Places" />
    <option name="FILE_MASK" value="*" />
    <mask>*.css</mask>
    <mask>*.html</mask>
    <mask>*.xml</mask>
    <mask>*.ru</mask>
    <mask>*.gemspec</mask>
    <mask>*.jbuilder</mask>
    <mask>*.thor</mask>
    <mask>*.rake</mask>
    <mask>*.rbw</mask>
    <mask>*.rbi</mask>
    <mask>*.rb</mask>
    <mask>*.erb</mask>
    <mask>*.*</mask>
    <mask>*</mask>
  </component>
</application>