<application>
  <component name="ProjectJdkTable">
    <jdk version="2">
      <name value="ruby-3.2.6-p234" />
      <type value="RUBY_SDK" />
      <version value="ver.3.2.6 ( revision 63aeb018eb) p234" />
      <homePath value="/usr/local/opt/ruby@3.2/bin/ruby" />
      <roots>
        <classPath>
          <root type="composite">
            <root url="file://$APPLICATION_HOME_DIR$/plugins/ruby/rubystubs/rubystubs32" type="simple" />
            <root url="file:///usr/local/lib/ruby/site_ruby/3.2.0" type="simple" />
            <root url="file:///usr/local/lib/ruby/site_ruby/3.2.0/x86_64-darwin23" type="simple" />
            <root url="file:///usr/local/lib/ruby/site_ruby" type="simple" />
            <root url="file:///usr/local/lib/ruby/vendor_ruby/3.2.0" type="simple" />
            <root url="file:///usr/local/lib/ruby/vendor_ruby/3.2.0/x86_64-darwin23" type="simple" />
            <root url="file:///usr/local/lib/ruby/vendor_ruby" type="simple" />
            <root url="file:///usr/local/Cellar/ruby@3.2/3.2.6/lib/ruby/3.2.0" type="simple" />
            <root url="file:///usr/local/Cellar/ruby@3.2/3.2.6/lib/ruby/3.2.0/x86_64-darwin23" type="simple" />
            <root url="file://$APPLICATION_HOME_DIR$/plugins/ruby/rubystubs/rubystubs32" type="simple" />
          </root>
        </classPath>
        <sourcePath>
          <root type="composite">
            <root url="file:///usr/local/lib/ruby/site_ruby/3.2.0" type="simple" />
            <root url="file:///usr/local/lib/ruby/site_ruby/3.2.0/x86_64-darwin23" type="simple" />
            <root url="file:///usr/local/lib/ruby/site_ruby" type="simple" />
            <root url="file:///usr/local/lib/ruby/vendor_ruby/3.2.0" type="simple" />
            <root url="file:///usr/local/lib/ruby/vendor_ruby/3.2.0/x86_64-darwin23" type="simple" />
            <root url="file:///usr/local/lib/ruby/vendor_ruby" type="simple" />
            <root url="file:///usr/local/Cellar/ruby@3.2/3.2.6/lib/ruby/3.2.0" type="simple" />
            <root url="file:///usr/local/Cellar/ruby@3.2/3.2.6/lib/ruby/3.2.0/x86_64-darwin23" type="simple" />
            <root url="file://$APPLICATION_HOME_DIR$/plugins/ruby/rubystubs/rubystubs32" type="simple" />
          </root>
        </sourcePath>
      </roots>
      <additional version="1" GEMS_BIN_DIR_PATH="/usr/local/lib/ruby/gems/3.2.0/bin">
        <VERSION_MANAGER ID="system">
          <custom-configurator>
            <list />
          </custom-configurator>
        </VERSION_MANAGER>
        <RbConfig>
          <item key="AR" value="ar" />
          <item key="ARFLAGS" value="rcu " />
          <item key="AS" value="as" />
          <item key="ASMEXT" value="S" />
          <item key="BUILTIN_TRANSSRCS" value=" enc/trans/newline.c" />
          <item key="CC" value="clang" />
          <item key="CCDLFLAGS" value="-fno-common" />
          <item key="CC_VERSION" value="clang --version" />
          <item key="CC_VERSION_MESSAGE" value="Apple clang version 16.0.0 (clang-1600.0.26.4)&#10;Target: x86_64-apple-darwin23.6.0&#10;Thread model: posix&#10;InstalledDir: /Applications/Xcode.app/Contents/Developer/Toolchains/XcodeDefault.xctoolchain/usr/bin" />
          <item key="CFLAGS" value="-fdeclspec -O3 -fno-fast-math -ggdb3 -Wall -Wextra -Wextra-tokens -Wdeprecated-declarations -Wdivision-by-zero -Wdiv-by-zero -Wimplicit-function-declaration -Wimplicit-int -Wmisleading-indentation -Wpointer-arith -Wshorten-64-to-32 -Wwrite-strings -Wold-style-definition -Wmissing-noreturn -Wno-cast-function-type -Wno-constant-logical-operand -Wno-long-long -Wno-missing-field-initializers -Wno-overlength-strings -Wno-parentheses-equality -Wno-self-assign -Wno-tautological-compare -Wno-unused-parameter -Wno-unused-value -Wunused-variable -Wundef  -fno-common -pipe" />
          <item key="CHDIR" value="cd -P" />
          <item key="CONFIGURE" value="configure" />
          <item key="COROUTINE_TYPE" value="amd64" />
          <item key="COUTFLAG" value="-o " />
          <item key="CP" value="cp" />
          <item key="CPP" value="clang -E" />
          <item key="CPPFLAGS" value="-D_XOPEN_SOURCE -D_DARWIN_C_SOURCE -D_DARWIN_UNLIMITED_SELECT -D_REENTRANT  " />
          <item key="CPPOUTFILE" value="-o conftest.i" />
          <item key="CROSS_COMPILING" value="no" />
          <item key="CXX" value="clang++" />
          <item key="CXXFLAGS" value="-fdeclspec" />
          <item key="DLDFLAGS" value="-L/usr/local/opt/libyaml/lib -L/usr/local/opt/openssl@3/lib -L/usr/local/opt/readline/lib -Wl,-undefined,dynamic_lookup" />
          <item key="DLDSHARED" value="clang -dynamiclib" />
          <item key="DLEXT" value="bundle" />
          <item key="DLNOBJ" value="dln.o" />
          <item key="ECHO_C" value="\\c" />
          <item key="EGREP" value="/usr/bin/grep -E" />
          <item key="ENABLE_SHARED" value="yes" />
          <item key="EXTDLDFLAGS" value="-lruby.3.2" />
          <item key="EXTOUT" value=".ext" />
          <item key="GCC" value="yes" />
          <item key="GIT" value="git" />
          <item key="GNU_LD" value="no" />
          <item key="GREP" value="/usr/bin/grep" />
          <item key="HAVE_GIT" value="yes" />
          <item key="INSTALL" value="/usr/bin/install -c" />
          <item key="INSTALL_DATA" value="/usr/bin/install -c -m 644" />
          <item key="INSTALL_PROGRAM" value="/usr/bin/install -c" />
          <item key="INSTALL_SCRIPT" value="/usr/bin/install -c" />
          <item key="INSTALL_STATIC_LIBRARY" value="no" />
          <item key="LD" value="ld" />
          <item key="LDFLAGS" value="-L. -fstack-protector-strong -L/usr/local/opt/libyaml/lib -L/usr/local/opt/openssl@3/lib -L/usr/local/opt/readline/lib" />
          <item key="LDSHARED" value="clang -dynamic -bundle" />
          <item key="LDSHAREDXX" value="clang++ -dynamic -bundle" />
          <item key="LIBEXT" value="a" />
          <item key="LIBPATHENV" value="DYLD_LIBRARY_PATH" />
          <item key="LIBPATHFLAG" value=" -L%s" />
          <item key="LIBRUBY" value="libruby.3.2.dylib" />
          <item key="LIBRUBYARG" value="-lruby.3.2" />
          <item key="LIBRUBYARG_SHARED" value="-lruby.3.2" />
          <item key="LIBRUBYARG_STATIC" value="-lruby.3.2-static -framework CoreFoundation -ldl -lobjc -lpthread " />
          <item key="LIBRUBY_A" value="libruby.3.2-static.a" />
          <item key="LIBRUBY_ALIASES" value="libruby.dylib" />
          <item key="LIBRUBY_RELATIVE" value="no" />
          <item key="LIBRUBY_SO" value="libruby.3.2.dylib" />
          <item key="LIBRUBY_SONAME" value="libruby.3.2.dylib" />
          <item key="LIBS" value="-lpthread " />
          <item key="LINK_SO" value="&#10;dsymutil $@; { test -z '$(RUBY_CODESIGN)' || codesign -s '$(RUBY_CODESIGN)' -f $@; }" />
          <item key="LN_S" value="ln -s" />
          <item key="MAINLIBS" value="-ldl -lobjc -lpthread " />
          <item key="MAJOR" value="3" />
          <item key="MAKEDIRS" value="mkdir -p" />
          <item key="MAKEFILES" value="Makefile GNUmakefile" />
          <item key="MANTYPE" value="doc" />
          <item key="MINOR" value="2" />
          <item key="MJIT_CC" value="/usr/bin/clang" />
          <item key="MJIT_SUPPORT" value="yes" />
          <item key="MKDIR_P" value="mkdir -p" />
          <item key="MKMF_VERBOSE" value="0" />
          <item key="NM" value="nm" />
          <item key="NULLCMD" value=":" />
          <item key="OBJCOPY" value=":" />
          <item key="OBJDUMP" value="objdump" />
          <item key="OBJEXT" value="o" />
          <item key="OUTFLAG" value="-o " />
          <item key="PACKAGE" value="ruby" />
          <item key="PATCHLEVEL" value="234" />
          <item key="PATH_SEPARATOR" value=":" />
          <item key="PKG_CONFIG" value="pkg-config" />
          <item key="POSTLINK" value="dsymutil $@; { test -z '$(RUBY_CODESIGN)' || codesign -s '$(RUBY_CODESIGN)' -f $@; }" />
          <item key="PRELOADENV" value="DYLD_INSERT_LIBRARIES" />
          <item key="PREP" value="miniruby" />
          <item key="RANLIB" value="ranlib" />
          <item key="RI_BASE_NAME" value="ri" />
          <item key="RM" value="rm -f" />
          <item key="RMALL" value="rm -fr" />
          <item key="RMDIR" value="rmdir" />
          <item key="RMDIRS" value="rmdir -p" />
          <item key="RUBYW_BASE_NAME" value="rubyw" />
          <item key="RUBY_API_VERSION" value="3.2" />
          <item key="RUBY_BASE_NAME" value="ruby" />
          <item key="RUBY_EXEC_PREFIX" value="/usr/local/Cellar/ruby@3.2/3.2.6" />
          <item key="RUBY_INSTALL_NAME" value="ruby" />
          <item key="RUBY_LIB_VERSION_STYLE" value="3&#9;/* full */" />
          <item key="RUBY_PROGRAM_VERSION" value="3.2.6" />
          <item key="RUBY_SO_NAME" value="ruby.3.2" />
          <item key="RUBY_VERSION_NAME" value="ruby-3.2.0" />
          <item key="RUSTC" value="rustc" />
          <item key="SHELL" value="/bin/sh" />
          <item key="SOEXT" value="dylib" />
          <item key="SOLIBS" value="-ldl -lobjc -lpthread " />
          <item key="STRIP" value="strip -A -n" />
          <item key="SYMBOL_PREFIX" value="_" />
          <item key="TEENY" value="6" />
          <item key="TEST_RUNNABLE" value="yes" />
          <item key="THREAD_MODEL" value="pthread" />
          <item key="UNICODE_EMOJI_VERSION" value="15.0" />
          <item key="UNICODE_VERSION" value="15.0.0" />
          <item key="WERRORFLAG" value="-Werror" />
          <item key="YJIT_LIBS" value="yjit/target/release/libyjit.a" />
          <item key="YJIT_OBJ" value="yjit.o" />
          <item key="YJIT_SUPPORT" value="yes" />
          <item key="arch" value="x86_64-darwin23" />
          <item key="archdir" value="/usr/local/Cellar/ruby@3.2/3.2.6/lib/ruby/3.2.0/x86_64-darwin23" />
          <item key="archincludedir" value="/usr/local/Cellar/ruby@3.2/3.2.6/include/x86_64-darwin23" />
          <item key="archlibdir" value="/usr/local/Cellar/ruby@3.2/3.2.6/lib/x86_64-darwin23" />
          <item key="bindir" value="/usr/local/Cellar/ruby@3.2/3.2.6/bin" />
          <item key="build" value="x86_64-apple-darwin23.6.0" />
          <item key="build_cpu" value="x86_64" />
          <item key="build_os" value="darwin23.6.0" />
          <item key="build_vendor" value="apple" />
          <item key="cflags" value="-fdeclspec -O3 -fno-fast-math -ggdb3 -Wall -Wextra -Wextra-tokens -Wdeprecated-declarations -Wdivision-by-zero -Wdiv-by-zero -Wimplicit-function-declaration -Wimplicit-int -Wmisleading-indentation -Wpointer-arith -Wshorten-64-to-32 -Wwrite-strings -Wold-style-definition -Wmissing-noreturn -Wno-cast-function-type -Wno-constant-logical-operand -Wno-long-long -Wno-missing-field-initializers -Wno-overlength-strings -Wno-parentheses-equality -Wno-self-assign -Wno-tautological-compare -Wno-unused-parameter -Wno-unused-value -Wunused-variable -Wundef" />
          <item key="cleanlibs" value="$(TARGET_SO).dSYM" />
          <item key="codesign" value="codesign" />
          <item key="configure_args" value=" '--prefix=/usr/local/Cellar/ruby@3.2/3.2.6' '--enable-shared' '--disable-silent-rules' '--with-sitedir=/usr/local/lib/ruby/site_ruby' '--with-vendordir=/usr/local/lib/ruby/vendor_ruby' '--with-opt-dir=/usr/local/opt/libyaml:/usr/local/opt/openssl@3:/usr/local/opt/readline' '--without-gmp' 'MJIT_CC=/usr/bin/clang' 'CC=clang' 'CXX=clang++'" />
          <item key="datadir" value="/usr/local/Cellar/ruby@3.2/3.2.6/share" />
          <item key="datarootdir" value="/usr/local/Cellar/ruby@3.2/3.2.6/share" />
          <item key="debugflags" value="-ggdb3" />
          <item key="docdir" value="/usr/local/Cellar/ruby@3.2/3.2.6/share/doc/ruby" />
          <item key="dsymutil" value="dsymutil" />
          <item key="dvidir" value="/usr/local/Cellar/ruby@3.2/3.2.6/share/doc/ruby" />
          <item key="exec" value="exec" />
          <item key="exec_prefix" value="/usr/local/Cellar/ruby@3.2/3.2.6" />
          <item key="host" value="x86_64-apple-darwin23" />
          <item key="host_cpu" value="x86_64" />
          <item key="host_os" value="darwin23" />
          <item key="host_vendor" value="apple" />
          <item key="htmldir" value="/usr/local/Cellar/ruby@3.2/3.2.6/share/doc/ruby" />
          <item key="incflags" value="-I/usr/local/opt/libyaml/include -I/usr/local/opt/openssl@3/include -I/usr/local/opt/readline/include" />
          <item key="includedir" value="/usr/local/Cellar/ruby@3.2/3.2.6/include" />
          <item key="infodir" value="/usr/local/Cellar/ruby@3.2/3.2.6/share/info" />
          <item key="libdir" value="/usr/local/Cellar/ruby@3.2/3.2.6/lib" />
          <item key="libdirname" value="libdir" />
          <item key="libexecdir" value="/usr/local/Cellar/ruby@3.2/3.2.6/libexec" />
          <item key="localedir" value="/usr/local/Cellar/ruby@3.2/3.2.6/share/locale" />
          <item key="localstatedir" value="/usr/local/Cellar/ruby@3.2/3.2.6/var" />
          <item key="mandir" value="/usr/local/Cellar/ruby@3.2/3.2.6/share/man" />
          <item key="oldincludedir" value="/usr/include" />
          <item key="optflags" value="-O3 -fno-fast-math" />
          <item key="pdfdir" value="/usr/local/Cellar/ruby@3.2/3.2.6/share/doc/ruby" />
          <item key="platform" value="x86_64-darwin23" />
          <item key="prefix" value="/usr/local/Cellar/ruby@3.2/3.2.6" />
          <item key="psdir" value="/usr/local/Cellar/ruby@3.2/3.2.6/share/doc/ruby" />
          <item key="ridir" value="/usr/local/Cellar/ruby@3.2/3.2.6/share/ri" />
          <item key="ruby_install_name" value="ruby" />
          <item key="ruby_pc" value="ruby-3.2.pc" />
          <item key="ruby_version" value="3.2.0" />
          <item key="rubyarchdir" value="/usr/local/Cellar/ruby@3.2/3.2.6/lib/ruby/3.2.0/x86_64-darwin23" />
          <item key="rubyarchhdrdir" value="/usr/local/Cellar/ruby@3.2/3.2.6/include/ruby-3.2.0/x86_64-darwin23" />
          <item key="rubyarchprefix" value="/usr/local/Cellar/ruby@3.2/3.2.6/lib/ruby/x86_64-darwin23" />
          <item key="rubyhdrdir" value="/usr/local/Cellar/ruby@3.2/3.2.6/include/ruby-3.2.0" />
          <item key="rubylibdir" value="/usr/local/Cellar/ruby@3.2/3.2.6/lib/ruby/3.2.0" />
          <item key="rubylibprefix" value="/usr/local/Cellar/ruby@3.2/3.2.6/lib/ruby" />
          <item key="rubysitearchprefix" value="/usr/local/Cellar/ruby@3.2/3.2.6/lib/ruby/x86_64-darwin23" />
          <item key="runstatedir" value="/usr/local/Cellar/ruby@3.2/3.2.6/var/run" />
          <item key="sbindir" value="/usr/local/Cellar/ruby@3.2/3.2.6/sbin" />
          <item key="setup" value="Setup" />
          <item key="sharedstatedir" value="/usr/local/Cellar/ruby@3.2/3.2.6/com" />
          <item key="sitearch" value="x86_64-darwin23" />
          <item key="sitearchdir" value="/usr/local/lib/ruby/site_ruby/3.2.0/x86_64-darwin23" />
          <item key="sitearchhdrdir" value="/usr/local/Cellar/ruby@3.2/3.2.6/include/ruby-3.2.0/site_ruby/x86_64-darwin23" />
          <item key="sitearchincludedir" value="/usr/local/Cellar/ruby@3.2/3.2.6/include/x86_64-darwin23" />
          <item key="sitearchlibdir" value="/usr/local/Cellar/ruby@3.2/3.2.6/lib/x86_64-darwin23" />
          <item key="sitedir" value="/usr/local/lib/ruby/site_ruby" />
          <item key="sitehdrdir" value="/usr/local/Cellar/ruby@3.2/3.2.6/include/ruby-3.2.0/site_ruby" />
          <item key="sitelibdir" value="/usr/local/lib/ruby/site_ruby/3.2.0" />
          <item key="sysconfdir" value="/usr/local/Cellar/ruby@3.2/3.2.6/etc" />
          <item key="target" value="x86_64-apple-darwin23" />
          <item key="target_cpu" value="x86_64" />
          <item key="target_os" value="darwin23" />
          <item key="target_vendor" value="apple" />
          <item key="topdir" value="/usr/local/Cellar/ruby@3.2/3.2.6/lib/ruby/3.2.0/x86_64-darwin23" />
          <item key="vendorarchdir" value="/usr/local/lib/ruby/vendor_ruby/3.2.0/x86_64-darwin23" />
          <item key="vendorarchhdrdir" value="/usr/local/Cellar/ruby@3.2/3.2.6/include/ruby-3.2.0/vendor_ruby/x86_64-darwin23" />
          <item key="vendordir" value="/usr/local/lib/ruby/vendor_ruby" />
          <item key="vendorhdrdir" value="/usr/local/Cellar/ruby@3.2/3.2.6/include/ruby-3.2.0/vendor_ruby" />
          <item key="vendorlibdir" value="/usr/local/lib/ruby/vendor_ruby/3.2.0" />
          <item key="warnflags" value="-Wall -Wextra -Wextra-tokens -Wdeprecated-declarations -Wdivision-by-zero -Wdiv-by-zero -Wimplicit-function-declaration -Wimplicit-int -Wmisleading-indentation -Wpointer-arith -Wshorten-64-to-32 -Wwrite-strings -Wold-style-definition -Wmissing-noreturn -Wno-cast-function-type -Wno-constant-logical-operand -Wno-long-long -Wno-missing-field-initializers -Wno-overlength-strings -Wno-parentheses-equality -Wno-self-assign -Wno-tautological-compare -Wno-unused-parameter -Wno-unused-value -Wunused-variable -Wundef" />
        </RbConfig>
      </additional>
    </jdk>
  </component>
</application>