<application>
  <component name="ActionMacroManager">
    <macro name="insert-ruby-debug">
      <typing text-keycode="82:0;69:0;81:0;85:0;73:0;82:0;69:0;32:0;222:0;66:0;89:0;69:0;66:0;85:0;71:0;222:0;32:0;59:0;32:0;66:0;89:0;69:0;66:0;85:0;71:0;32:0;520:1;32:0;151:1;151:1;151:1;32:1;82:1;69:0;77:0;79:0;86:0;69:0;32:0;77:1;69:0;32:0;151:1;151:1;151:1">require&amp;#x20;'byebug'&amp;#x20;;&amp;#x20;byebug&amp;#x20;#&amp;#x20;***&amp;#x20;Remove&amp;#x20;Me&amp;#x20;***</typing>
      <action id="EditorEnter" />
    </macro>
    <macro name="insert-erb-debug">
      <typing text-keycode="153:1;53:1;32:1;82:0;69:0;81:0;85:0;73:0;82:0;69:0;32:0;222:0;66:0;89:0;69:0;66:0;85:0;71:0;222:0;32:0;59:0;32:0;66:0;89:0;69:0;66:0;85:0;71:0;32:0;520:1;151:1">&lt;%&amp;#x20;require&amp;#x20;'byebug'&amp;#x20;;&amp;#x20;byebug&amp;#x20;#*</typing>
      <action id="EditorBackSpace" />
      <typing text-keycode="32:0;151:1;151:1;151:1;32:1;82:1;69:0;77:0;79:0;86:0;69:0;32:0;77:1;69:0;32:0;151:1;151:1;151:1">&amp;#x20;***&amp;#x20;Remove&amp;#x20;Me&amp;#x20;***</typing>
      <action id="EditorEnter" />
    </macro>
    <macro name="insert-js-debug">
      <typing text-keycode="68:0;69:0;66:0;85:0;71:0;71:0;69:0;82:0;59:0;32:0;47:0;47:0;32:0;151:1;151:1;151:1;32:1;82:1;69:0;77:0;79:0;86:0;69:0;32:0;77:1;69:0;32:0;151:1;151:1;151:1">debugger;&amp;#x20;//&amp;#x20;***&amp;#x20;Remove&amp;#x20;Me&amp;#x20;***</typing>
      <action id="EditorEnter" />
    </macro>
    <macro name="&lt;noname&gt;">
      <action id="EditorRight" />
      <action id="EditorRight" />
      <action id="EditorRight" />
      <action id="EditorRight" />
      <action id="EditorNextWordWithSelection" />
      <action id="EditorCopy" />
      <action id="EditorRight" />
      <action id="EditorRight" />
      <action id="EditorRight" />
      <action id="EditorPaste" />
      <action id="EditorLineStart" />
      <action id="EditorDown" />
    </macro>
  </component>
</application>