<application>
  <component name="ProfilerRunConfigurations">
    <profilerRunConfigurations>
      <item configurationTypeId="RbSpyProfilerConfigurationType">
        <RbSpyProfilerConfigurationState name="RbSpy profiler" SAMPLING_FREQUENCY="97" PROFILE_SUBPROCESS="true" />
      </item>
      <item configurationTypeId="com.perl5.profiler.nytprof">
        <PerlProfilerConfigurationState name="NYTProf">
          <option name="optimizerDisabled" value="false" />
          <option name="startupMode" value="BEGIN" />
        </PerlProfilerConfigurationState>
      </item>
    </profilerRunConfigurations>
    <knownConfigurationTypes>
      <id>RbSpyProfilerConfigurationType</id>
      <id>com.perl5.profiler.nytprof</id>
    </knownConfigurationTypes>
  </component>
</application>