<application>
  <component name="ProjectManager">
    <defaultProject>
      <component name="MarkdownSettingsMigration">
        <option name="stateVersion" value="1" />
      </component>
      <component name="PropertiesComponent"><![CDATA[{
  "keyToString": {
    "settings.editor.selected.configurable": "ssh.settings"
  }
}]]></component>
      <component name="VcsDirectoryMappings" defaultProject="true" />
      <component name="WindowStateProjectService">
        <state x="666" y="93" key="SettingsEditor.ideScale=125" timestamp="1736534407475">
          <screen x="0" y="25" width="2560" height="983" />
        </state>
        <state x="666" y="93" key="SettingsEditor.ideScale=125/-1728.361.1728.1079/0.25.2560.983/2560.25.2560.1415" timestamp="1736534407475" />
      </component>
    </defaultProject>
  </component>
</application>