<application>
  <component name="CachedDictionaryState">
    <words>
      <w>aetobatus</w>
      <w>aluterus</w>
      <w>amphiprion</w>
      <w>anemonefish</w>
      <w>annae</w>
      <w>annualize</w>
      <w>aulostomus</w>
      <w>authenticatable</w>
      <w>biola</w>
      <w>butterflyfish</w>
      <w>caesio</w>
      <w>caxlsx</w>
      <w>chaetodon</w>
      <w>chinensis</w>
      <w>chromodorididae</w>
      <w>chromodoris</w>
      <w>clarkii</w>
      <w>cornutus</w>
      <w>cyanea</w>
      <w>diadema</w>
      <w>durgon</w>
      <w>eastsound</w>
      <w>esac</w>
      <w>filefish</w>
      <w>getenv</w>
      <w>getopt</w>
      <w>gymnothorax</w>
      <w>heic</w>
      <w>htmlbeautifier</w>
      <w>imagemargin</w>
      <w>killebrew</w>
      <w>kittiwake</w>
      <w>lituratus</w>
      <w>lunula</w>
      <w>meleagris</w>
      <w>melichthys</w>
      <w>narinari</w>
      <w>naso</w>
      <w>newhall</w>
      <w>nopasswd</w>
      <w>nudibranch</w>
      <w>nudibranchs</w>
      <w>obesus</w>
      <w>optarg</w>
      <w>optind</w>
      <w>orangespine</w>
      <w>pagurus</w>
      <w>pagy</w>
      <w>paulandvirginia</w>
      <w>popd</w>
      <w>postgre</w>
      <w>pubkey</w>
      <w>pushd</w>
      <w>ransackable</w>
      <w>registerable</w>
      <w>scriptus</w>
      <w>setosum</w>
      <w>sitekey</w>
      <w>spined</w>
      <w>sudoer</w>
      <w>surgeonfish</w>
      <w>teres</w>
      <w>textareas</w>
      <w>textmargin</w>
      <w>toggler</w>
      <w>triaenodon</w>
      <w>triggerfish</w>
      <w>trumpetfish</w>
      <w>unicornfish</w>
      <w>unstyled</w>
      <w>whitemouth</w>
      <w>whitetip</w>
      <w>zanclidae</w>
      <w>zanclus</w>
    </words>
  </component>
</application>