<application>
  <component name="Trusted.Paths">
    <option name="TRUSTED_PROJECT_PATHS">
      <map>
        <entry key="/Applications/Google Chrome.app/Contents" value="true" />
        <entry key="$USER_HOME$" value="true" />
        <entry key="$USER_HOME$/Work/Entrision/Clients/Rural Sourcing/Terminus/src/connect-api" value="true" />
        <entry key="$USER_HOME$/Work/Entrision/Clients/Rural Sourcing/Terminus/src/eks-infra" value="true" />
        <entry key="$USER_HOME$/Work/Entrision/Clients/Rural Sourcing/Terminus/src/employee-ledger" value="true" />
        <entry key="$USER_HOME$/Work/Entrision/Clients/Rural Sourcing/Terminus/src/esm-admin" value="true" />
        <entry key="$USER_HOME$/Work/Entrision/Clients/Rural Sourcing/Terminus/src/mac_outlook_agent" value="true" />
        <entry key="$USER_HOME$/Work/Entrision/Clients/Rural Sourcing/Terminus/src/operator" value="true" />
        <entry key="$USER_HOME$/Work/Entrision/Clients/Rural Sourcing/Terminus/tmp" value="true" />
        <entry key="$USER_HOME$/Work/Entrision/Clients/Rural Sourcing/Terminus/untitled" value="true" />
        <entry key="$USER_HOME$/Work/Entrision/src/examples" value="true" />
        <entry key="$USER_HOME$/Work/Patmos/src/pact" value="true" />
        <entry key="$USER_HOME$/src/paul-carrick-website" value="true" />
        <entry key="$USER_HOME$/test-project" value="true" />
        <entry key="$USER_HOME$/testing" value="true" />
        <entry key="$USER_HOME$/testing-project" value="true" />
        <entry key="$USER_HOME$/untitled" value="true" />
        <entry key="/private/etc" value="true" />
        <entry key="/private/var/folders/0h/61b820_90h79jhzrlkzvtz7c0000gn/T/.zshrc" value="true" />
        <entry key="/private/var/folders/0h/61b820_90h79jhzrlkzvtz7c0000gn/T/show.html.erb" value="true" />
        <entry key="/private/var/folders/bx/x5956k5j36d4cptcjs0qw0p5gqmn4m/T/backup-os.sh" value="true" />
      </map>
    </option>
  </component>
  <component name="Trusted.Paths.Settings">
    <option name="TRUSTED_PATHS">
      <list>
        <option value="/private/var/folders/0h/61b820_90h79jhzrlkzvtz7c0000gn/T" />
        <option value="$USER_HOME$/Work/Patmos/src" />
        <option value="/private/var/folders/bx/x5956k5j36d4cptcjs0qw0p5gqmn4m/T" />
      </list>
    </option>
  </component>
</application>