<application>
  <component name="DimensionService">
    <location key="find.popup.0.0.2560.1080" x="589" y="25" />
    <location key="find.popup.0.0.3440.1440" x="1054" y="158" />
    <location key="find.popup.0.0.3440.1440@120dpi" x="1469" y="485" />
    <location key="find.popup.0.0.2560.1080@120dpi" x="365" y="25" />
    <location key="find.popup.-2560.0.2560.1440@120dpi" x="-2271" y="138" />
    <location key="find.popup.0.0.3440.1440@216dpi" x="1469" y="273" />
    <location key="find.popup.0.0.3440.1440@168dpi" x="1469" y="273" />
    <location key="find.popup.0.0.1720.720@168dpi" x="495" y="25" />
    <location key="find.popup.0.0.2560.1080@168dpi" x="589" y="25" />
    <location key="find.popup.0.0.2304.1440@336dpi" x="392" y="50" />
    <location key="find.popup.-3584.640.3584.2240@336dpi" x="-2336" y="690" />
    <location key="find.popup.0.0.2560.1080@144dpi" x="589" y="25" />
    <size key="GridCell.Tab.0.left.0.0.2560.1080" width="2105" height="158" />
    <size key="GridCell.Tab.0.center.0.0.2560.1080" width="2105" height="158" />
    <size key="GridCell.Tab.0.right.0.0.2560.1080" width="2105" height="158" />
    <size key="GridCell.Tab.0.bottom.0.0.2560.1080" width="2105" height="158" />
    <size key="GridCell.Tab.1.left.0.0.2560.1080" width="2105" height="158" />
    <size key="GridCell.Tab.1.center.0.0.2560.1080" width="2105" height="158" />
    <size key="GridCell.Tab.1.right.0.0.2560.1080" width="2105" height="158" />
    <size key="GridCell.Tab.1.bottom.0.0.2560.1080" width="2105" height="158" />
    <size key="find.popup.0.0.2560.1080" width="1651" height="983" />
    <size key="find.popup.0.0.3440.1440" width="556" height="474" />
    <size key="GridCell.Tab.0.left.0.0.3440.1440" width="2077" height="292" />
    <size key="GridCell.Tab.0.center.0.0.3440.1440" width="2077" height="292" />
    <size key="GridCell.Tab.0.right.0.0.3440.1440" width="2077" height="292" />
    <size key="GridCell.Tab.0.bottom.0.0.3440.1440" width="2077" height="292" />
    <size key="find.popup.0.0.3440.1440@120dpi" width="1375" height="667" />
    <size key="GridCell.Tab.0.left.0.0.3440.1440@120dpi" width="3136" height="397" />
    <size key="GridCell.Tab.0.center.0.0.3440.1440@120dpi" width="3136" height="397" />
    <size key="GridCell.Tab.0.right.0.0.3440.1440@120dpi" width="3136" height="397" />
    <size key="GridCell.Tab.0.bottom.0.0.3440.1440@120dpi" width="3136" height="397" />
    <size key="find.popup.0.0.2560.1080@120dpi" width="1651" height="983" />
    <size key="GridCell.Tab.1.left.0.0.3440.1440@120dpi" width="2376" height="435" />
    <size key="GridCell.Tab.1.center.0.0.3440.1440@120dpi" width="2376" height="435" />
    <size key="GridCell.Tab.1.right.0.0.3440.1440@120dpi" width="2376" height="435" />
    <size key="GridCell.Tab.1.bottom.0.0.3440.1440@120dpi" width="2376" height="435" />
    <size key="GridCell.Tab.2.left.0.0.3440.1440@120dpi" width="2376" height="435" />
    <size key="GridCell.Tab.2.center.0.0.3440.1440@120dpi" width="2376" height="435" />
    <size key="GridCell.Tab.2.right.0.0.3440.1440@120dpi" width="2376" height="435" />
    <size key="GridCell.Tab.2.bottom.0.0.3440.1440@120dpi" width="2376" height="435" />
    <size key="GridCell.Tab.0.left.0.0.2560.1440@120dpi" width="2321" height="397" />
    <size key="GridCell.Tab.0.center.0.0.2560.1440@120dpi" width="2321" height="397" />
    <size key="GridCell.Tab.0.right.0.0.2560.1440@120dpi" width="2321" height="397" />
    <size key="GridCell.Tab.0.bottom.0.0.2560.1440@120dpi" width="2321" height="397" />
    <size key="find.popup.-2560.0.2560.1440@120dpi" width="1350" height="1223" />
    <size key="find.popup.0.0.3440.1440@216dpi" width="1842" height="1092" />
    <size key="find.popup.0.0.3440.1440@168dpi" width="962" height="854" />
    <size key="GridCell.Tab.0.left.0.0.1720.720@168dpi" width="1646" height="101" />
    <size key="GridCell.Tab.0.center.0.0.1720.720@168dpi" width="1646" height="101" />
    <size key="GridCell.Tab.0.right.0.0.1720.720@168dpi" width="1646" height="101" />
    <size key="GridCell.Tab.0.bottom.0.0.1720.720@168dpi" width="1646" height="101" />
    <size key="find.popup.0.0.1720.720@168dpi" width="947" height="854" />
    <size key="find.popup.0.0.2560.1080@168dpi" width="1651" height="983" />
    <size key="find.popup.0.0.2304.1440@336dpi" width="1858" height="1310" />
    <size key="GridCell.Tab.0.left.0.0.2560.1080@168dpi" width="2383" height="251" />
    <size key="GridCell.Tab.0.center.0.0.2560.1080@168dpi" width="2383" height="251" />
    <size key="GridCell.Tab.0.right.0.0.2560.1080@168dpi" width="2383" height="251" />
    <size key="GridCell.Tab.0.bottom.0.0.2560.1080@168dpi" width="2383" height="251" />
    <size key="find.popup.-3584.640.3584.2240@336dpi" width="1858" height="2190" />
    <size key="GridCell.Tab.1.left.0.0.2560.1080@168dpi" width="2383" height="251" />
    <size key="GridCell.Tab.1.center.0.0.2560.1080@168dpi" width="2383" height="251" />
    <size key="GridCell.Tab.1.right.0.0.2560.1080@168dpi" width="2383" height="251" />
    <size key="GridCell.Tab.1.bottom.0.0.2560.1080@168dpi" width="2383" height="251" />
    <size key="GridCell.Tab.2.left.0.0.2560.1080@168dpi" width="2333" height="249" />
    <size key="GridCell.Tab.2.center.0.0.2560.1080@168dpi" width="2333" height="249" />
    <size key="GridCell.Tab.2.right.0.0.2560.1080@168dpi" width="2333" height="249" />
    <size key="GridCell.Tab.2.bottom.0.0.2560.1080@168dpi" width="2333" height="249" />
    <size key="GridCell.Tab.0.left.0.0.2560.1080@120dpi" width="355" height="446" />
    <size key="GridCell.Tab.0.center.0.0.2560.1080@120dpi" width="355" height="446" />
    <size key="GridCell.Tab.0.right.0.0.2560.1080@120dpi" width="355" height="446" />
    <size key="GridCell.Tab.0.bottom.0.0.2560.1080@120dpi" width="355" height="446" />
    <size key="GridCell.Tab.1.left.0.0.2560.1080@120dpi" width="355" height="446" />
    <size key="GridCell.Tab.1.center.0.0.2560.1080@120dpi" width="355" height="446" />
    <size key="GridCell.Tab.1.right.0.0.2560.1080@120dpi" width="355" height="446" />
    <size key="GridCell.Tab.1.bottom.0.0.2560.1080@120dpi" width="355" height="446" />
    <size key="find.popup.0.0.2560.1080@144dpi" width="1651" height="983" />
  </component>
  <component name="WindowManager">
    <frame x="43" y="32" width="2478" height="898" />
  </component>
  <component name="WindowStateApplicationService">
    <state x="297" y="266" key="#com.intellij.ide.actions.ChooseComponentsToExportDialog" timestamp="1731433461031">
      <screen x="0" y="25" width="2560" height="984" />
    </state>
    <state x="297" y="266" key="#com.intellij.ide.actions.ChooseComponentsToExportDialog/2560.25.2560.1415/-1792.345.1792.1095/0.25.2560.984" timestamp="1731433461031" />
    <state x="245" y="274" width="1474" height="595" key="ProcessPopupWindow" timestamp="1735082062108">
      <screen x="0" y="25" width="2560" height="983" />
    </state>
    <state x="815" y="493" width="525" height="245" key="ProcessPopupWindow/0.25.1344.769" timestamp="1729439349150" />
    <state x="245" y="274" width="1474" height="595" key="ProcessPopupWindow/2560.25.2560.1415/-1792.345.1792.1095/0.25.2560.983" timestamp="1735082062108" />
    <state width="1394" height="233" key="ShowUsagesActions.dimensionServiceKey" timestamp="1732988408761">
      <screen x="0" y="25" width="2560" height="983" />
    </state>
    <state width="453" height="132" key="ShowUsagesActions.dimensionServiceKey.ideScale=110" timestamp="1735836287223">
      <screen x="0" y="25" width="2560" height="983" />
    </state>
    <state width="453" height="132" key="ShowUsagesActions.dimensionServiceKey.ideScale=110/-1728.361.1728.1079/0.25.2560.983/2560.25.2560.1415" timestamp="1735836287223" />
    <state width="744" height="261" key="ShowUsagesActions.dimensionServiceKey.ideScale=125" timestamp="1736194332430">
      <screen x="0" y="25" width="2560" height="983" />
    </state>
    <state width="744" height="261" key="ShowUsagesActions.dimensionServiceKey.ideScale=125/-1728.361.1728.1079/0.25.2560.983/2560.25.2560.1415" timestamp="1736194332430" />
    <state width="1046" height="539" key="ShowUsagesActions.dimensionServiceKey.ideScale=175" timestamp="1735222597387">
      <screen x="0" y="25" width="2560" height="983" />
    </state>
    <state width="1046" height="539" key="ShowUsagesActions.dimensionServiceKey.ideScale=175/363.-1095.1792.1095/0.25.2560.983" timestamp="1735222597387" />
    <state width="1394" height="233" key="ShowUsagesActions.dimensionServiceKey/0.25.2560.983/2560.25.2560.1415/-1792.345.1792.1095" timestamp="1732988408761" />
    <state width="1394" height="165" key="ShowUsagesActions.dimensionServiceKey/2560.25.2560.1415/-1792.345.1792.1095/0.25.2560.983" timestamp="1731344363554" />
    <state x="1280" y="550" width="1400" height="1050" key="WELCOME_SCREEN" timestamp="1732392805231">
      <screen x="0" y="25" width="2560" height="983" />
    </state>
    <state x="700" y="550" width="1400" height="1050" key="WELCOME_SCREEN/0.25.1152.655" timestamp="1731190529881" />
    <state x="1280" y="550" width="1400" height="1050" key="WELCOME_SCREEN/0.25.2560.983/2560.25.2560.1415/-1792.345.1792.1095" timestamp="1732392805231" />
    <state x="1280" y="550" width="1400" height="1050" key="WELCOME_SCREEN/2560.25.2560.1415/-1792.345.1792.1095/0.25.2560.983" timestamp="1732136591450" />
    <state x="1280" y="550" width="1400" height="1050" key="WELCOME_SCREEN/2560.25.2560.1415/-1792.345.1792.1095/0.25.2560.984" timestamp="1731444327669" />
    <state x="324" y="25" key="find.popup" timestamp="1731511799405">
      <screen x="0" y="25" width="2560" height="983" />
    </state>
    <state x="324" y="25" key="find.popup/0.25.2560.983/2560.25.2560.1415/-1792.345.1792.1095" timestamp="1731511799405" />
  </component>
</application>